<?xml version="1.0" encoding="UTF-8"?>
<!DOCTYPE mapper
  PUBLIC "-//mybatis.org//DTD Mapper 3.0//EN"
  "http://mybatis.org/dtd/mybatis-3-mapper.dtd">
<mapper namespace="like_it">
	<select id="getSongLikeCnt" resultType="_int">
		select count(*) from like_it_list where song_id = #{song_id}
	</select>

	<select id="getLikeIt" resultType="_int">
		select count(*) from like_it_list where song_id = #{song_id} and mem_acc_id = #{mem_acc_id, jdbcType=VARCHAR}
	</select>
	
	<insert id="insertLike">
		insert into like_it_list (mem_acc_id,song_id) values (#{mem_acc_id, jdbcType=VARCHAR}, #{song_id})
	</insert>
	
	<delete id="deleteLike">
		delete from like_it_list where song_id = #{song_id} and mem_acc_id = #{mem_acc_id, jdbcType=VARCHAR}
	</delete>
</mapper>



