<?xml version="1.0" encoding="UTF-8"?>
<!DOCTYPE mapper
  PUBLIC "-//mybatis.org//DTD Mapper 3.0//EN"
  "http://mybatis.org/dtd/mybatis-3-mapper.dtd">
<mapper namespace="user_recommend">
	<resultMap type="user_recommend_vo" id="user_recommend_info">
		<result column="ID" property="id"/> 
		<result column="TITLE" property="title" /> 
		<result column="CONTENT" property="content" /> 
		<result column="USER_ID" property="userID"/> 
		<result column="WRITTEN_TIME" property="writtenTime"/> 
		<result column="THUMBS_UP" property="thumbsUp"/>
	</resultMap>
	
	<select id="get_list_limit" resultMap="user_recommend_info">
		select id, title, user_id, WRITTEN_TIME, THUMBS_UP 
		from (
		select id, title, user_id, WRITTEN_TIME, THUMBS_UP 
		from RECOMMENDED_INFO
		order by ID  desc)
		<![CDATA[
		 where ROWNUM <= 16
		]]>
	</select>
	
	<select id="add_list_limit" resultMap="user_recommend_info">
		select *
		from (
			select id, title, user_id, WRITTEN_TIME, THUMBS_UP 
			from RECOMMENDED_INFO
			order by ID  desc)
		<![CDATA[
		 where ID < #{lastSongId}
		 	and ROWNUM <= 16
		]]>
	</select>
	
	<select id="get_info" resultMap="user_recommend_info">
		select title, user_id, WRITTEN_TIME, THUMBS_UP, CONTENT 
		from RECOMMENDED_INFO
		where id=#{userRcmId }
	</select>
	
	
	<select id="search_songs" resultType="songvo">
		select SONG_ID, SONG_TITLE, SONG_ALBUM, SONG_ARTIST 
		from SONG
		where (SONG_TITLE like '%' || #{searchWord} || '%'
			or SONG_ALBUM like '%' || #{searchWord} || '%'
			or SONG_ARTIST like '%' || #{searchWord} || '%')
  <![CDATA[ and ROWNUM <= 10]]>
        order by SONG_ID
	</select>
</mapper>


