<?xml version="1.0" encoding="UTF-8"?>
<!DOCTYPE mapper
  PUBLIC "-//mybatis.org//DTD Mapper 3.0//EN"
  "http://mybatis.org/dtd/mybatis-3-mapper.dtd">
<mapper namespace="comment">
	<resultMap type="user_comment" id="user_comment_info">
		<result column="ID" property="id"/> 
		<result column="SONG_ID" property="songId" /> 
		<result column="MEM_ACC_ID" property="memAccId" /> 
		<result column="MY_CONTENT" property="myContent"/> 
		<result column="WRITE_TIME" property="writtenTime"/>
		<result column="MEM_NICK" property="memNick"/>
	</resultMap>


	<select id="getList" resultMap="user_comment_info">
		SELECT c.ID, c.SONG_ID, c.MEM_ACC_ID, m.MEM_NICK, c.MY_CONTENT, c.WRITE_TIME
		FROM USER_COMMENT c, MEM m
		WHERE c.SONG_ID = #{songId}
    		and c.MEM_ACC_ID = m.MEM_ACC_ID
	</select>
	
	<insert id="writeComment" parameterType="user_comment">
		insert into user_comment (song_id, MEM_ACC_ID, MY_CONTENT)
		values (#{songId}, #{memAccId}, #{myContent})
	</insert>
</mapper>


