<?xml version="1.0" encoding="UTF-8"?>
<beans xmlns="http://www.springframework.org/schema/beans"
	xmlns:xsi="http://www.w3.org/2001/XMLSchema-instance"
	xmlns:aop="http://www.springframework.org/schema/aop"
	xmlns:context="http://www.springframework.org/schema/context"
	xsi:schemaLocation="http://www.springframework.org/schema/beans http://www.springframework.org/schema/beans/spring-beans.xsd
		http://www.springframework.org/schema/aop http://www.springframework.org/schema/aop/spring-aop.xsd
		http://www.springframework.org/schema/context http://www.springframework.org/schema/context/spring-context.xsd">
	<context:annotation-config/>
	<aop:aspectj-autoproxy/>	
	<bean id="dataSource" class="org.springframework.jndi.JndiObjectFactoryBean">
		<property name="jndiName" value="java:comp/env/jdbc/myora"/>
	</bean>
	
	<bean id="factoryBean" class="org.mybatis.spring.SqlSessionFactoryBean">
		<property name="dataSource" ref="dataSource"/>
		<property name="configLocation" value="classpath:/kr/co/kosmo/mvc/config/config.xml"/>
		<property name="mapperLocations" value="classpath:/kr/co/kosmo/mvc/mapper/*.xml"/>
	</bean>
	 
	<bean id="ss" class="org.mybatis.spring.SqlSessionTemplate">
		<constructor-arg ref="factoryBean"/>
	</bean>
	<!-- Fileupload -->
	<bean id="multipartResolver" class="org.springframework.web.multipart.commons.CommonsMultipartResolver">
	</bean>
</beans>
